,Coastal Indicators,Trend Units,Model Trends,Model R value,Model P value,Observation Trends,Observation R value,Observation P value
0,SST,°C ppm-1,0.008747602,0.989274763,2.33E-33,0.008583548,0.999489164,1.92E-58
1,pH,10-9 M ppm-1,0.01922658,0.99981279,7.58E-60,0.016663526,-0.970210917,3.31E-43
2,NPP,Tg C yr-1 (Tg N yr-1)-1,0.049716547,0.996864978,2.13E-32,2.274177802,0.990982822,3.62E-17
3,O2,mg O2 l-1 yr-1 ppm-1,-0.000494831,-0.970210917,5.30E-25,-0.001629781,-0.985119027,1.13E-30
